starttime	seconds	ctime	dtime	ttime	wait
Mon Dec 12 15:34:45 2016	1481553285	0	14	14	14
Mon Dec 12 15:34:48 2016	1481553288	0	14	14	14
Mon Dec 12 15:34:46 2016	1481553286	0	15	15	13
Mon Dec 12 15:34:46 2016	1481553286	0	15	15	12
Mon Dec 12 15:34:48 2016	1481553288	0	15	15	15
Mon Dec 12 15:34:48 2016	1481553288	0	16	16	14
Mon Dec 12 15:34:44 2016	1481553284	0	16	16	14
Mon Dec 12 15:34:42 2016	1481553282	0	17	17	17
Mon Dec 12 15:34:43 2016	1481553283	0	17	17	11
Mon Dec 12 15:34:40 2016	1481553280	0	17	17	14
Mon Dec 12 15:34:40 2016	1481553280	1	17	18	17
Mon Dec 12 15:34:44 2016	1481553284	0	18	18	18
Mon Dec 12 15:34:47 2016	1481553287	0	18	18	15
Mon Dec 12 15:34:40 2016	1481553280	1	18	19	18
Mon Dec 12 15:34:47 2016	1481553287	0	19	19	18
Mon Dec 12 15:34:46 2016	1481553286	1	18	19	17
Mon Dec 12 15:34:41 2016	1481553281	0	19	19	16
Mon Dec 12 15:34:44 2016	1481553284	0	19	19	19
Mon Dec 12 15:34:48 2016	1481553288	0	19	19	16
Mon Dec 12 15:34:47 2016	1481553287	0	19	19	19
Mon Dec 12 15:34:43 2016	1481553283	1	18	19	16
Mon Dec 12 15:34:48 2016	1481553288	0	19	19	16
Mon Dec 12 15:34:48 2016	1481553288	1	18	19	18
Mon Dec 12 15:34:42 2016	1481553282	0	19	19	17
Mon Dec 12 15:34:42 2016	1481553282	1	19	20	18
Mon Dec 12 15:34:47 2016	1481553287	0	20	20	15
Mon Dec 12 15:34:47 2016	1481553287	0	20	20	18
Mon Dec 12 15:34:47 2016	1481553287	0	20	20	19
Mon Dec 12 15:34:43 2016	1481553283	1	19	20	19
Mon Dec 12 15:34:48 2016	1481553288	0	20	20	17
Mon Dec 12 15:34:47 2016	1481553287	1	19	20	18
Mon Dec 12 15:34:41 2016	1481553281	0	20	20	18
Mon Dec 12 15:34:45 2016	1481553285	0	20	20	20
Mon Dec 12 15:34:45 2016	1481553285	1	19	20	18
Mon Dec 12 15:34:44 2016	1481553284	0	20	20	18
Mon Dec 12 15:34:48 2016	1481553288	0	20	20	17
Mon Dec 12 15:34:48 2016	1481553288	1	20	21	15
Mon Dec 12 15:34:43 2016	1481553283	0	21	21	18
Mon Dec 12 15:34:48 2016	1481553288	0	21	21	20
Mon Dec 12 15:34:45 2016	1481553285	0	21	21	18
Mon Dec 12 15:34:44 2016	1481553284	1	20	21	18
Mon Dec 12 15:34:44 2016	1481553284	1	20	21	20
Mon Dec 12 15:34:44 2016	1481553284	0	21	21	20
Mon Dec 12 15:34:45 2016	1481553285	1	20	21	20
Mon Dec 12 15:34:40 2016	1481553280	0	21	21	16
Mon Dec 12 15:34:47 2016	1481553287	0	21	21	18
Mon Dec 12 15:34:46 2016	1481553286	0	21	21	19
Mon Dec 12 15:34:41 2016	1481553281	0	21	21	21
Mon Dec 12 15:34:46 2016	1481553286	1	20	21	17
Mon Dec 12 15:34:48 2016	1481553288	0	21	21	20
Mon Dec 12 15:34:47 2016	1481553287	0	21	21	21
Mon Dec 12 15:34:47 2016	1481553287	1	21	21	21
Mon Dec 12 15:34:42 2016	1481553282	1	21	21	19
Mon Dec 12 15:34:47 2016	1481553287	0	21	21	21
Mon Dec 12 15:34:48 2016	1481553288	1	21	21	19
Mon Dec 12 15:34:41 2016	1481553281	0	21	21	21
Mon Dec 12 15:34:43 2016	1481553283	1	21	21	15
Mon Dec 12 15:34:40 2016	1481553280	1	21	21	21
Mon Dec 12 15:34:47 2016	1481553287	0	21	21	16
Mon Dec 12 15:34:45 2016	1481553285	0	21	21	21
Mon Dec 12 15:34:43 2016	1481553283	0	21	21	21
Mon Dec 12 15:34:45 2016	1481553285	0	21	21	18
Mon Dec 12 15:34:45 2016	1481553285	0	21	21	16
Mon Dec 12 15:34:46 2016	1481553286	0	21	21	21
Mon Dec 12 15:34:45 2016	1481553285	0	21	21	21
Mon Dec 12 15:34:40 2016	1481553280	0	21	21	21
Mon Dec 12 15:34:47 2016	1481553287	0	21	21	21
Mon Dec 12 15:34:46 2016	1481553286	1	21	22	17
Mon Dec 12 15:34:43 2016	1481553283	0	22	22	21
Mon Dec 12 15:34:47 2016	1481553287	0	22	22	19
Mon Dec 12 15:34:43 2016	1481553283	0	22	22	16
Mon Dec 12 15:34:44 2016	1481553284	0	22	22	22
Mon Dec 12 15:34:48 2016	1481553288	1	21	22	21
Mon Dec 12 15:34:46 2016	1481553286	1	21	22	21
Mon Dec 12 15:34:48 2016	1481553288	0	22	22	21
Mon Dec 12 15:34:47 2016	1481553287	0	22	22	21
Mon Dec 12 15:34:40 2016	1481553280	0	22	22	22
Mon Dec 12 15:34:40 2016	1481553280	1	21	22	17
Mon Dec 12 15:34:42 2016	1481553282	0	22	22	21
Mon Dec 12 15:34:42 2016	1481553282	0	22	22	21
Mon Dec 12 15:34:46 2016	1481553286	0	22	22	13
Mon Dec 12 15:34:43 2016	1481553283	0	22	22	20
Mon Dec 12 15:34:41 2016	1481553281	0	22	22	22
Mon Dec 12 15:34:46 2016	1481553286	1	21	22	21
Mon Dec 12 15:34:45 2016	1481553285	0	22	22	21
Mon Dec 12 15:34:43 2016	1481553283	1	21	22	18
Mon Dec 12 15:34:40 2016	1481553280	0	22	22	15
Mon Dec 12 15:34:41 2016	1481553281	0	22	22	20
Mon Dec 12 15:34:48 2016	1481553288	0	22	22	22
Mon Dec 12 15:34:40 2016	1481553280	1	21	22	21
Mon Dec 12 15:34:40 2016	1481553280	1	22	23	21
Mon Dec 12 15:34:47 2016	1481553287	0	23	23	22
Mon Dec 12 15:34:43 2016	1481553283	1	22	23	21
Mon Dec 12 15:34:42 2016	1481553282	0	23	23	22
Mon Dec 12 15:34:44 2016	1481553284	0	23	23	18
Mon Dec 12 15:34:40 2016	1481553280	0	23	23	19
Mon Dec 12 15:34:43 2016	1481553283	1	22	23	20
Mon Dec 12 15:34:41 2016	1481553281	1	22	23	21
Mon Dec 12 15:34:40 2016	1481553280	0	23	23	22
Mon Dec 12 15:34:45 2016	1481553285	0	23	23	23
Mon Dec 12 15:34:46 2016	1481553286	1	22	23	15
Mon Dec 12 15:34:42 2016	1481553282	0	23	23	19
Mon Dec 12 15:34:45 2016	1481553285	0	23	23	21
Mon Dec 12 15:34:40 2016	1481553280	0	24	24	21
Mon Dec 12 15:34:48 2016	1481553288	0	24	24	19
Mon Dec 12 15:34:43 2016	1481553283	0	24	24	23
Mon Dec 12 15:34:47 2016	1481553287	0	24	24	24
Mon Dec 12 15:34:45 2016	1481553285	1	23	24	21
Mon Dec 12 15:34:42 2016	1481553282	1	23	24	23
Mon Dec 12 15:34:47 2016	1481553287	0	24	24	24
Mon Dec 12 15:34:43 2016	1481553283	0	24	24	22
Mon Dec 12 15:34:40 2016	1481553280	1	23	24	23
Mon Dec 12 15:34:46 2016	1481553286	0	24	24	24
Mon Dec 12 15:34:44 2016	1481553284	0	24	24	23
Mon Dec 12 15:34:44 2016	1481553284	0	24	24	23
Mon Dec 12 15:34:45 2016	1481553285	0	24	24	23
Mon Dec 12 15:34:43 2016	1481553283	0	24	24	17
Mon Dec 12 15:34:48 2016	1481553288	0	24	24	17
Mon Dec 12 15:34:43 2016	1481553283	0	24	24	23
Mon Dec 12 15:34:44 2016	1481553284	0	24	24	23
Mon Dec 12 15:34:46 2016	1481553286	1	23	24	23
Mon Dec 12 15:34:40 2016	1481553280	0	25	25	25
Mon Dec 12 15:34:44 2016	1481553284	1	24	25	21
Mon Dec 12 15:34:42 2016	1481553282	1	24	25	24
Mon Dec 12 15:34:45 2016	1481553285	0	25	25	23
Mon Dec 12 15:34:40 2016	1481553280	1	24	25	24
Mon Dec 12 15:34:48 2016	1481553288	0	25	25	19
Mon Dec 12 15:34:41 2016	1481553281	1	24	25	23
Mon Dec 12 15:34:41 2016	1481553281	1	24	25	24
Mon Dec 12 15:34:46 2016	1481553286	1	24	25	18
Mon Dec 12 15:34:45 2016	1481553285	0	25	25	25
Mon Dec 12 15:34:47 2016	1481553287	0	25	25	24
Mon Dec 12 15:34:43 2016	1481553283	0	25	25	21
Mon Dec 12 15:34:40 2016	1481553280	0	25	25	25
Mon Dec 12 15:34:41 2016	1481553281	0	25	25	22
Mon Dec 12 15:34:45 2016	1481553285	0	25	25	17
Mon Dec 12 15:34:48 2016	1481553288	0	25	25	21
Mon Dec 12 15:34:45 2016	1481553285	0	25	25	24
Mon Dec 12 15:34:43 2016	1481553283	0	25	25	22
Mon Dec 12 15:34:44 2016	1481553284	1	24	25	24
Mon Dec 12 15:34:45 2016	1481553285	0	25	25	25
Mon Dec 12 15:34:45 2016	1481553285	0	25	25	23
Mon Dec 12 15:34:43 2016	1481553283	1	24	25	24
Mon Dec 12 15:34:40 2016	1481553280	0	25	25	22
Mon Dec 12 15:34:45 2016	1481553285	0	25	25	19
Mon Dec 12 15:34:41 2016	1481553281	1	25	26	23
Mon Dec 12 15:34:48 2016	1481553288	0	26	26	25
Mon Dec 12 15:34:45 2016	1481553285	1	25	26	23
Mon Dec 12 15:34:46 2016	1481553286	0	26	26	23
Mon Dec 12 15:34:41 2016	1481553281	1	25	26	25
Mon Dec 12 15:34:46 2016	1481553286	0	26	26	25
Mon Dec 12 15:34:45 2016	1481553285	0	26	26	25
Mon Dec 12 15:34:40 2016	1481553280	1	25	26	24
Mon Dec 12 15:34:47 2016	1481553287	0	26	26	19
Mon Dec 12 15:34:43 2016	1481553283	0	26	26	24
Mon Dec 12 15:34:45 2016	1481553285	1	25	26	25
Mon Dec 12 15:34:46 2016	1481553286	0	26	26	15
Mon Dec 12 15:34:43 2016	1481553283	0	26	26	23
Mon Dec 12 15:34:45 2016	1481553285	0	26	26	22
Mon Dec 12 15:34:46 2016	1481553286	0	26	26	23
Mon Dec 12 15:34:40 2016	1481553280	0	26	26	15
Mon Dec 12 15:34:41 2016	1481553281	0	26	26	24
Mon Dec 12 15:34:47 2016	1481553287	1	25	26	22
Mon Dec 12 15:34:46 2016	1481553286	1	25	26	24
Mon Dec 12 15:34:40 2016	1481553280	0	26	26	22
Mon Dec 12 15:34:42 2016	1481553282	0	26	26	24
Mon Dec 12 15:34:40 2016	1481553280	0	26	26	26
Mon Dec 12 15:34:47 2016	1481553287	0	26	26	26
Mon Dec 12 15:34:46 2016	1481553286	1	25	26	24
Mon Dec 12 15:34:44 2016	1481553284	0	26	26	26
Mon Dec 12 15:34:42 2016	1481553282	0	26	26	24
Mon Dec 12 15:34:45 2016	1481553285	0	26	26	23
Mon Dec 12 15:34:43 2016	1481553283	0	26	26	22
Mon Dec 12 15:34:42 2016	1481553282	0	26	26	26
Mon Dec 12 15:34:40 2016	1481553280	1	25	26	15
Mon Dec 12 15:34:45 2016	1481553285	1	25	26	25
Mon Dec 12 15:34:48 2016	1481553288	0	26	26	25
Mon Dec 12 15:34:44 2016	1481553284	0	26	26	26
Mon Dec 12 15:34:43 2016	1481553283	1	25	26	25
Mon Dec 12 15:34:43 2016	1481553283	0	26	26	21
Mon Dec 12 15:34:43 2016	1481553283	1	26	27	21
Mon Dec 12 15:34:48 2016	1481553288	0	27	27	21
Mon Dec 12 15:34:40 2016	1481553280	0	27	27	27
Mon Dec 12 15:34:46 2016	1481553286	1	26	27	26
Mon Dec 12 15:34:46 2016	1481553286	0	27	27	25
Mon Dec 12 15:34:48 2016	1481553288	1	26	27	26
Mon Dec 12 15:34:46 2016	1481553286	1	26	27	22
Mon Dec 12 15:34:45 2016	1481553285	0	27	27	25
Mon Dec 12 15:34:42 2016	1481553282	0	27	27	22
Mon Dec 12 15:34:40 2016	1481553280	0	27	27	27
Mon Dec 12 15:34:45 2016	1481553285	0	27	27	27
Mon Dec 12 15:34:45 2016	1481553285	0	27	27	22
Mon Dec 12 15:34:44 2016	1481553284	1	26	27	26
Mon Dec 12 15:34:40 2016	1481553280	0	27	27	26
Mon Dec 12 15:34:46 2016	1481553286	0	27	27	22
Mon Dec 12 15:34:46 2016	1481553286	0	27	27	27
Mon Dec 12 15:34:48 2016	1481553288	0	27	27	26
Mon Dec 12 15:34:48 2016	1481553288	0	27	27	21
Mon Dec 12 15:34:42 2016	1481553282	1	26	27	15
Mon Dec 12 15:34:41 2016	1481553281	1	26	27	26
Mon Dec 12 15:34:46 2016	1481553286	1	26	27	25
Mon Dec 12 15:34:45 2016	1481553285	1	27	28	22
Mon Dec 12 15:34:40 2016	1481553280	0	28	28	25
Mon Dec 12 15:34:44 2016	1481553284	1	27	28	27
Mon Dec 12 15:34:45 2016	1481553285	1	27	28	22
Mon Dec 12 15:34:40 2016	1481553280	0	28	28	21
Mon Dec 12 15:34:45 2016	1481553285	1	27	28	21
Mon Dec 12 15:34:46 2016	1481553286	1	27	28	27
Mon Dec 12 15:34:44 2016	1481553284	1	27	28	25
Mon Dec 12 15:34:41 2016	1481553281	0	28	28	25
Mon Dec 12 15:34:46 2016	1481553286	0	28	28	23
Mon Dec 12 15:34:45 2016	1481553285	0	28	28	27
Mon Dec 12 15:34:40 2016	1481553280	0	28	28	25
Mon Dec 12 15:34:46 2016	1481553286	0	28	28	21
Mon Dec 12 15:34:41 2016	1481553281	0	28	28	27
Mon Dec 12 15:34:47 2016	1481553287	1	27	28	26
Mon Dec 12 15:34:44 2016	1481553284	0	28	28	21
Mon Dec 12 15:34:48 2016	1481553288	0	28	28	27
Mon Dec 12 15:34:42 2016	1481553282	0	28	28	25
Mon Dec 12 15:34:48 2016	1481553288	0	28	28	26
Mon Dec 12 15:34:45 2016	1481553285	0	28	28	28
Mon Dec 12 15:34:45 2016	1481553285	0	28	28	28
Mon Dec 12 15:34:46 2016	1481553286	1	27	28	26
Mon Dec 12 15:34:45 2016	1481553285	0	28	28	28
Mon Dec 12 15:34:46 2016	1481553286	0	28	28	28
Mon Dec 12 15:34:48 2016	1481553288	0	28	28	28
Mon Dec 12 15:34:46 2016	1481553286	1	27	28	25
Mon Dec 12 15:34:43 2016	1481553283	0	28	28	28
Mon Dec 12 15:34:43 2016	1481553283	0	28	28	26
Mon Dec 12 15:34:41 2016	1481553281	1	27	28	27
Mon Dec 12 15:34:43 2016	1481553283	0	28	28	27
Mon Dec 12 15:34:47 2016	1481553287	0	28	28	28
Mon Dec 12 15:34:43 2016	1481553283	1	27	28	27
Mon Dec 12 15:34:41 2016	1481553281	0	28	28	28
Mon Dec 12 15:34:46 2016	1481553286	0	28	28	28
Mon Dec 12 15:34:46 2016	1481553286	0	28	28	28
Mon Dec 12 15:34:48 2016	1481553288	0	29	29	29
Mon Dec 12 15:34:47 2016	1481553287	0	29	29	29
Mon Dec 12 15:34:45 2016	1481553285	0	29	29	28
Mon Dec 12 15:34:40 2016	1481553280	0	29	29	28
Mon Dec 12 15:34:48 2016	1481553288	1	28	29	24
Mon Dec 12 15:34:46 2016	1481553286	0	29	29	26
Mon Dec 12 15:34:48 2016	1481553288	0	29	29	29
Mon Dec 12 15:34:44 2016	1481553284	1	28	29	18
Mon Dec 12 15:34:48 2016	1481553288	0	29	29	28
Mon Dec 12 15:34:46 2016	1481553286	0	29	29	26
Mon Dec 12 15:34:42 2016	1481553282	1	28	29	26
Mon Dec 12 15:34:43 2016	1481553283	1	28	29	24
Mon Dec 12 15:34:48 2016	1481553288	0	29	29	21
Mon Dec 12 15:34:45 2016	1481553285	0	29	29	29
Mon Dec 12 15:34:41 2016	1481553281	0	29	29	20
Mon Dec 12 15:34:43 2016	1481553283	1	28	29	18
Mon Dec 12 15:34:45 2016	1481553285	0	29	29	24
Mon Dec 12 15:34:48 2016	1481553288	0	29	29	29
Mon Dec 12 15:34:47 2016	1481553287	1	28	29	25
Mon Dec 12 15:34:45 2016	1481553285	1	28	29	28
Mon Dec 12 15:34:45 2016	1481553285	1	28	29	28
Mon Dec 12 15:34:42 2016	1481553282	0	29	29	29
Mon Dec 12 15:34:45 2016	1481553285	1	28	29	21
Mon Dec 12 15:34:43 2016	1481553283	1	28	29	22
Mon Dec 12 15:34:46 2016	1481553286	1	28	29	27
Mon Dec 12 15:34:48 2016	1481553288	0	29	29	19
Mon Dec 12 15:34:40 2016	1481553280	0	29	29	23
Mon Dec 12 15:34:43 2016	1481553283	0	29	29	23
Mon Dec 12 15:34:47 2016	1481553287	0	29	29	29
Mon Dec 12 15:34:48 2016	1481553288	0	29	29	27
Mon Dec 12 15:34:43 2016	1481553283	0	29	29	29
Mon Dec 12 15:34:47 2016	1481553287	0	29	29	22
Mon Dec 12 15:34:48 2016	1481553288	0	29	29	24
Mon Dec 12 15:34:40 2016	1481553280	0	29	29	29
Mon Dec 12 15:34:41 2016	1481553281	0	29	29	27
Mon Dec 12 15:34:47 2016	1481553287	1	28	29	27
Mon Dec 12 15:34:40 2016	1481553280	1	29	30	29
Mon Dec 12 15:34:42 2016	1481553282	0	30	30	22
Mon Dec 12 15:34:44 2016	1481553284	0	30	30	21
Mon Dec 12 15:34:43 2016	1481553283	0	30	30	26
Mon Dec 12 15:34:47 2016	1481553287	0	30	30	30
Mon Dec 12 15:34:42 2016	1481553282	0	30	30	30
Mon Dec 12 15:34:43 2016	1481553283	1	29	30	24
Mon Dec 12 15:34:47 2016	1481553287	0	30	30	25
Mon Dec 12 15:34:46 2016	1481553286	0	30	30	29
Mon Dec 12 15:34:41 2016	1481553281	0	30	30	30
Mon Dec 12 15:34:43 2016	1481553283	0	30	30	20
Mon Dec 12 15:34:47 2016	1481553287	1	29	30	25
Mon Dec 12 15:34:47 2016	1481553287	1	29	30	29
Mon Dec 12 15:34:45 2016	1481553285	0	30	30	29
Mon Dec 12 15:34:43 2016	1481553283	0	30	30	30
Mon Dec 12 15:34:45 2016	1481553285	0	30	30	30
Mon Dec 12 15:34:40 2016	1481553280	1	29	30	23
Mon Dec 12 15:34:41 2016	1481553281	0	30	30	29
Mon Dec 12 15:34:45 2016	1481553285	1	29	30	24
Mon Dec 12 15:34:47 2016	1481553287	0	30	30	25
Mon Dec 12 15:34:40 2016	1481553280	0	30	30	30
Mon Dec 12 15:34:46 2016	1481553286	0	30	30	30
Mon Dec 12 15:34:41 2016	1481553281	0	30	30	30
Mon Dec 12 15:34:47 2016	1481553287	1	29	30	27
Mon Dec 12 15:34:46 2016	1481553286	1	29	30	29
Mon Dec 12 15:34:40 2016	1481553280	0	30	30	29
Mon Dec 12 15:34:47 2016	1481553287	0	31	31	31
Mon Dec 12 15:34:43 2016	1481553283	0	31	31	28
Mon Dec 12 15:34:48 2016	1481553288	1	30	31	28
Mon Dec 12 15:34:42 2016	1481553282	1	30	31	30
Mon Dec 12 15:34:41 2016	1481553281	0	31	31	31
Mon Dec 12 15:34:44 2016	1481553284	0	31	31	31
Mon Dec 12 15:34:47 2016	1481553287	0	31	31	30
Mon Dec 12 15:34:46 2016	1481553286	0	31	31	31
Mon Dec 12 15:34:48 2016	1481553288	0	31	31	21
Mon Dec 12 15:34:42 2016	1481553282	1	30	31	20
Mon Dec 12 15:34:41 2016	1481553281	1	30	31	29
Mon Dec 12 15:34:46 2016	1481553286	0	31	31	30
Mon Dec 12 15:34:46 2016	1481553286	1	30	31	25
Mon Dec 12 15:34:45 2016	1481553285	0	31	31	22
Mon Dec 12 15:34:41 2016	1481553281	0	31	31	30
Mon Dec 12 15:34:47 2016	1481553287	0	31	31	30
Mon Dec 12 15:34:41 2016	1481553281	0	31	31	27
Mon Dec 12 15:34:48 2016	1481553288	0	31	31	26
Mon Dec 12 15:34:47 2016	1481553287	0	31	31	27
Mon Dec 12 15:34:47 2016	1481553287	1	30	31	22
Mon Dec 12 15:34:40 2016	1481553280	0	31	31	30
Mon Dec 12 15:34:44 2016	1481553284	1	30	31	19
Mon Dec 12 15:34:40 2016	1481553280	0	31	31	29
Mon Dec 12 15:34:47 2016	1481553287	0	31	31	27
Mon Dec 12 15:34:47 2016	1481553287	1	30	31	30
Mon Dec 12 15:34:40 2016	1481553280	1	30	31	29
Mon Dec 12 15:34:48 2016	1481553288	1	30	31	20
Mon Dec 12 15:34:43 2016	1481553283	0	31	31	29
Mon Dec 12 15:34:41 2016	1481553281	0	31	31	26
Mon Dec 12 15:34:47 2016	1481553287	0	31	31	30
Mon Dec 12 15:34:47 2016	1481553287	1	30	31	21
Mon Dec 12 15:34:46 2016	1481553286	0	31	31	27
Mon Dec 12 15:34:41 2016	1481553281	0	32	32	31
Mon Dec 12 15:34:42 2016	1481553282	1	31	32	29
Mon Dec 12 15:34:48 2016	1481553288	0	32	32	32
Mon Dec 12 15:34:41 2016	1481553281	1	31	32	24
Mon Dec 12 15:34:43 2016	1481553283	1	31	32	31
Mon Dec 12 15:34:41 2016	1481553281	1	31	32	30
Mon Dec 12 15:34:47 2016	1481553287	0	32	32	32
Mon Dec 12 15:34:47 2016	1481553287	0	32	32	31
Mon Dec 12 15:34:48 2016	1481553288	0	32	32	19
Mon Dec 12 15:34:46 2016	1481553286	0	32	32	31
Mon Dec 12 15:34:44 2016	1481553284	0	32	32	18
Mon Dec 12 15:34:40 2016	1481553280	0	32	32	31
Mon Dec 12 15:34:47 2016	1481553287	0	32	32	26
Mon Dec 12 15:34:47 2016	1481553287	0	32	32	31
Mon Dec 12 15:34:42 2016	1481553282	1	31	32	20
Mon Dec 12 15:34:48 2016	1481553288	1	31	32	27
Mon Dec 12 15:34:43 2016	1481553283	0	32	32	27
Mon Dec 12 15:34:47 2016	1481553287	0	32	32	31
Mon Dec 12 15:34:46 2016	1481553286	0	32	32	31
Mon Dec 12 15:34:44 2016	1481553284	0	32	32	31
Mon Dec 12 15:34:48 2016	1481553288	1	31	32	30
Mon Dec 12 15:34:47 2016	1481553287	0	32	32	29
Mon Dec 12 15:34:48 2016	1481553288	0	32	32	32
Mon Dec 12 15:34:40 2016	1481553280	0	32	32	30
Mon Dec 12 15:34:48 2016	1481553288	0	32	32	32
Mon Dec 12 15:34:46 2016	1481553286	1	31	32	24
Mon Dec 12 15:34:43 2016	1481553283	0	32	32	32
Mon Dec 12 15:34:44 2016	1481553284	0	32	32	30
Mon Dec 12 15:34:43 2016	1481553283	1	31	32	24
Mon Dec 12 15:34:46 2016	1481553286	0	32	32	32
Mon Dec 12 15:34:42 2016	1481553282	1	31	32	29
Mon Dec 12 15:34:45 2016	1481553285	0	32	32	30
Mon Dec 12 15:34:43 2016	1481553283	0	32	32	32
Mon Dec 12 15:34:46 2016	1481553286	1	31	32	30
Mon Dec 12 15:34:47 2016	1481553287	0	32	32	29
Mon Dec 12 15:34:43 2016	1481553283	1	31	32	24
Mon Dec 12 15:34:44 2016	1481553284	0	32	32	28
Mon Dec 12 15:34:47 2016	1481553287	0	32	32	24
Mon Dec 12 15:34:47 2016	1481553287	0	33	33	32
Mon Dec 12 15:34:48 2016	1481553288	1	32	33	31
Mon Dec 12 15:34:47 2016	1481553287	1	32	33	29
Mon Dec 12 15:34:46 2016	1481553286	0	33	33	33
Mon Dec 12 15:34:43 2016	1481553283	0	33	33	32
Mon Dec 12 15:34:43 2016	1481553283	0	33	33	31
Mon Dec 12 15:34:42 2016	1481553282	1	32	33	32
Mon Dec 12 15:34:42 2016	1481553282	1	32	33	28
Mon Dec 12 15:34:41 2016	1481553281	0	33	33	33
Mon Dec 12 15:34:42 2016	1481553282	0	33	33	33
Mon Dec 12 15:34:45 2016	1481553285	0	33	33	33
Mon Dec 12 15:34:47 2016	1481553287	0	33	33	33
Mon Dec 12 15:34:46 2016	1481553286	1	32	33	28
Mon Dec 12 15:34:43 2016	1481553283	0	33	33	33
Mon Dec 12 15:34:44 2016	1481553284	1	32	33	32
Mon Dec 12 15:34:45 2016	1481553285	1	32	33	23
Mon Dec 12 15:34:42 2016	1481553282	0	33	33	19
Mon Dec 12 15:34:41 2016	1481553281	1	32	33	22
Mon Dec 12 15:34:44 2016	1481553284	0	33	33	30
Mon Dec 12 15:34:41 2016	1481553281	0	33	33	25
Mon Dec 12 15:34:44 2016	1481553284	0	33	33	25
Mon Dec 12 15:34:42 2016	1481553282	1	32	33	29
Mon Dec 12 15:34:41 2016	1481553281	0	33	33	32
Mon Dec 12 15:34:44 2016	1481553284	1	32	33	31
Mon Dec 12 15:34:40 2016	1481553280	0	33	33	31
Mon Dec 12 15:34:47 2016	1481553287	1	32	33	22
Mon Dec 12 15:34:47 2016	1481553287	0	33	33	33
Mon Dec 12 15:34:44 2016	1481553284	0	33	33	28
Mon Dec 12 15:34:46 2016	1481553286	0	33	33	32
Mon Dec 12 15:34:48 2016	1481553288	0	33	33	32
Mon Dec 12 15:34:42 2016	1481553282	0	33	33	31
Mon Dec 12 15:34:41 2016	1481553281	0	33	33	27
Mon Dec 12 15:34:46 2016	1481553286	0	34	34	34
Mon Dec 12 15:34:46 2016	1481553286	1	33	34	33
Mon Dec 12 15:34:48 2016	1481553288	1	33	34	33
Mon Dec 12 15:34:47 2016	1481553287	0	34	34	33
Mon Dec 12 15:34:41 2016	1481553281	0	34	34	34
Mon Dec 12 15:34:47 2016	1481553287	0	34	34	32
Mon Dec 12 15:34:43 2016	1481553283	1	33	34	32
Mon Dec 12 15:34:44 2016	1481553284	0	34	34	34
Mon Dec 12 15:34:41 2016	1481553281	0	34	34	24
Mon Dec 12 15:34:46 2016	1481553286	0	34	34	30
Mon Dec 12 15:34:41 2016	1481553281	0	34	34	21
Mon Dec 12 15:34:43 2016	1481553283	0	34	34	34
Mon Dec 12 15:34:44 2016	1481553284	0	34	34	26
Mon Dec 12 15:34:41 2016	1481553281	0	34	34	34
Mon Dec 12 15:34:48 2016	1481553288	1	33	34	33
Mon Dec 12 15:34:42 2016	1481553282	0	34	34	19
Mon Dec 12 15:34:43 2016	1481553283	0	34	34	34
Mon Dec 12 15:34:47 2016	1481553287	1	33	34	25
Mon Dec 12 15:34:40 2016	1481553280	0	34	34	34
Mon Dec 12 15:34:40 2016	1481553280	1	33	34	32
Mon Dec 12 15:34:41 2016	1481553281	0	34	34	34
Mon Dec 12 15:34:47 2016	1481553287	0	34	34	27
Mon Dec 12 15:34:48 2016	1481553288	0	34	34	34
Mon Dec 12 15:34:47 2016	1481553287	0	34	34	34
Mon Dec 12 15:34:41 2016	1481553281	1	34	35	20
Mon Dec 12 15:34:40 2016	1481553280	0	35	35	34
Mon Dec 12 15:34:42 2016	1481553282	0	35	35	31
Mon Dec 12 15:34:40 2016	1481553280	0	35	35	30
Mon Dec 12 15:34:42 2016	1481553282	0	35	35	25
Mon Dec 12 15:34:44 2016	1481553284	0	35	35	33
Mon Dec 12 15:34:46 2016	1481553286	0	35	35	21
Mon Dec 12 15:34:45 2016	1481553285	0	35	35	30
Mon Dec 12 15:34:46 2016	1481553286	1	34	35	30
Mon Dec 12 15:34:43 2016	1481553283	0	35	35	35
Mon Dec 12 15:34:43 2016	1481553283	0	35	35	28
Mon Dec 12 15:34:45 2016	1481553285	0	35	35	32
Mon Dec 12 15:34:48 2016	1481553288	1	34	35	34
Mon Dec 12 15:34:46 2016	1481553286	0	35	35	32
Mon Dec 12 15:34:41 2016	1481553281	0	35	35	24
Mon Dec 12 15:34:42 2016	1481553282	1	34	35	26
Mon Dec 12 15:34:44 2016	1481553284	1	34	35	26
Mon Dec 12 15:34:47 2016	1481553287	0	35	35	33
Mon Dec 12 15:34:44 2016	1481553284	0	35	35	29
Mon Dec 12 15:34:41 2016	1481553281	0	35	35	35
Mon Dec 12 15:34:48 2016	1481553288	1	34	35	19
Mon Dec 12 15:34:46 2016	1481553286	0	35	35	29
Mon Dec 12 15:34:45 2016	1481553285	0	35	35	33
Mon Dec 12 15:34:40 2016	1481553280	0	35	35	34
Mon Dec 12 15:34:41 2016	1481553281	1	34	35	28
Mon Dec 12 15:34:41 2016	1481553281	0	35	35	24
Mon Dec 12 15:34:42 2016	1481553282	0	35	35	25
Mon Dec 12 15:34:42 2016	1481553282	0	35	35	30
Mon Dec 12 15:34:45 2016	1481553285	0	35	35	34
Mon Dec 12 15:34:44 2016	1481553284	0	35	35	31
Mon Dec 12 15:34:44 2016	1481553284	0	35	35	35
Mon Dec 12 15:34:44 2016	1481553284	0	35	35	35
Mon Dec 12 15:34:45 2016	1481553285	0	35	35	32
Mon Dec 12 15:34:41 2016	1481553281	0	35	35	24
Mon Dec 12 15:34:41 2016	1481553281	1	34	35	30
Mon Dec 12 15:34:46 2016	1481553286	0	35	35	35
Mon Dec 12 15:34:48 2016	1481553288	1	34	35	25
Mon Dec 12 15:34:40 2016	1481553280	1	35	36	30
Mon Dec 12 15:34:46 2016	1481553286	0	36	36	27
Mon Dec 12 15:34:43 2016	1481553283	0	36	36	33
Mon Dec 12 15:34:41 2016	1481553281	1	35	36	33
Mon Dec 12 15:34:45 2016	1481553285	0	36	36	22
Mon Dec 12 15:34:41 2016	1481553281	0	36	36	22
Mon Dec 12 15:34:44 2016	1481553284	0	36	36	36
Mon Dec 12 15:34:48 2016	1481553288	0	36	36	29
Mon Dec 12 15:34:43 2016	1481553283	0	36	36	36
Mon Dec 12 15:34:43 2016	1481553283	1	35	36	32
Mon Dec 12 15:34:46 2016	1481553286	0	36	36	34
Mon Dec 12 15:34:41 2016	1481553281	0	36	36	36
Mon Dec 12 15:34:44 2016	1481553284	1	35	36	21
Mon Dec 12 15:34:45 2016	1481553285	1	35	36	21
Mon Dec 12 15:34:47 2016	1481553287	0	36	36	30
Mon Dec 12 15:34:45 2016	1481553285	0	36	36	36
Mon Dec 12 15:34:44 2016	1481553284	0	36	36	36
Mon Dec 12 15:34:47 2016	1481553287	0	36	36	31
Mon Dec 12 15:34:48 2016	1481553288	1	35	36	35
Mon Dec 12 15:34:43 2016	1481553283	0	36	36	35
Mon Dec 12 15:34:40 2016	1481553280	1	35	36	35
Mon Dec 12 15:34:46 2016	1481553286	0	36	36	35
Mon Dec 12 15:34:43 2016	1481553283	1	35	36	35
Mon Dec 12 15:34:44 2016	1481553284	1	35	36	26
Mon Dec 12 15:34:46 2016	1481553286	1	35	36	16
Mon Dec 12 15:34:45 2016	1481553285	1	35	36	33
Mon Dec 12 15:34:48 2016	1481553288	0	36	36	35
Mon Dec 12 15:34:43 2016	1481553283	0	36	36	24
Mon Dec 12 15:34:42 2016	1481553282	0	36	36	24
Mon Dec 12 15:34:43 2016	1481553283	0	36	36	36
Mon Dec 12 15:34:47 2016	1481553287	1	36	37	35
Mon Dec 12 15:34:40 2016	1481553280	1	36	37	25
Mon Dec 12 15:34:45 2016	1481553285	0	37	37	31
Mon Dec 12 15:34:48 2016	1481553288	0	37	37	34
Mon Dec 12 15:34:42 2016	1481553282	0	37	37	36
Mon Dec 12 15:34:40 2016	1481553280	0	37	37	30
Mon Dec 12 15:34:44 2016	1481553284	0	37	37	33
Mon Dec 12 15:34:42 2016	1481553282	1	36	37	28
Mon Dec 12 15:34:43 2016	1481553283	0	37	37	22
Mon Dec 12 15:34:46 2016	1481553286	0	37	37	33
Mon Dec 12 15:34:43 2016	1481553283	0	37	37	36
Mon Dec 12 15:34:43 2016	1481553283	1	36	37	36
Mon Dec 12 15:34:43 2016	1481553283	0	37	37	27
Mon Dec 12 15:34:44 2016	1481553284	0	37	37	37
Mon Dec 12 15:34:45 2016	1481553285	0	37	37	29
Mon Dec 12 15:34:45 2016	1481553285	0	37	37	37
Mon Dec 12 15:34:40 2016	1481553280	0	37	37	37
Mon Dec 12 15:34:41 2016	1481553281	0	37	37	36
Mon Dec 12 15:34:42 2016	1481553282	1	36	37	27
Mon Dec 12 15:34:47 2016	1481553287	1	36	37	32
Mon Dec 12 15:34:41 2016	1481553281	0	38	38	36
Mon Dec 12 15:34:47 2016	1481553287	4	34	38	21
Mon Dec 12 15:34:44 2016	1481553284	1	37	38	36
Mon Dec 12 15:34:47 2016	1481553287	1	37	38	23
Mon Dec 12 15:34:44 2016	1481553284	0	38	38	23
Mon Dec 12 15:34:44 2016	1481553284	1	37	38	36
Mon Dec 12 15:34:47 2016	1481553287	0	38	38	38
Mon Dec 12 15:34:47 2016	1481553287	0	38	38	37
Mon Dec 12 15:34:41 2016	1481553281	1	37	38	37
Mon Dec 12 15:34:44 2016	1481553284	0	38	38	38
Mon Dec 12 15:34:41 2016	1481553281	0	38	38	33
Mon Dec 12 15:34:40 2016	1481553280	0	38	38	37
Mon Dec 12 15:34:48 2016	1481553288	0	38	38	25
Mon Dec 12 15:34:41 2016	1481553281	1	37	38	33
Mon Dec 12 15:34:46 2016	1481553286	0	38	38	38
Mon Dec 12 15:34:46 2016	1481553286	1	37	38	24
Mon Dec 12 15:34:46 2016	1481553286	1	37	38	37
Mon Dec 12 15:34:47 2016	1481553287	1	37	38	37
Mon Dec 12 15:34:48 2016	1481553288	1	37	38	30
Mon Dec 12 15:34:41 2016	1481553281	0	38	38	34
Mon Dec 12 15:34:40 2016	1481553280	1	37	38	36
Mon Dec 12 15:34:48 2016	1481553288	0	38	38	38
Mon Dec 12 15:34:45 2016	1481553285	0	38	38	35
Mon Dec 12 15:34:42 2016	1481553282	1	38	39	37
Mon Dec 12 15:34:48 2016	1481553288	0	39	39	31
Mon Dec 12 15:34:42 2016	1481553282	0	39	39	38
Mon Dec 12 15:34:44 2016	1481553284	0	39	39	33
Mon Dec 12 15:34:47 2016	1481553287	0	39	39	27
Mon Dec 12 15:34:48 2016	1481553288	0	39	39	37
Mon Dec 12 15:34:41 2016	1481553281	1	38	39	24
Mon Dec 12 15:34:41 2016	1481553281	1	38	39	36
Mon Dec 12 15:34:48 2016	1481553288	0	39	39	38
Mon Dec 12 15:34:44 2016	1481553284	0	39	39	39
Mon Dec 12 15:34:44 2016	1481553284	0	39	39	28
Mon Dec 12 15:34:45 2016	1481553285	0	39	39	34
Mon Dec 12 15:34:41 2016	1481553281	0	39	39	30
Mon Dec 12 15:34:45 2016	1481553285	1	38	39	37
Mon Dec 12 15:34:42 2016	1481553282	0	39	39	24
Mon Dec 12 15:34:45 2016	1481553285	0	39	39	30
Mon Dec 12 15:34:40 2016	1481553280	0	39	39	39
Mon Dec 12 15:34:45 2016	1481553285	1	38	39	38
Mon Dec 12 15:34:44 2016	1481553284	0	39	39	39
Mon Dec 12 15:34:47 2016	1481553287	1	38	39	38
Mon Dec 12 15:34:44 2016	1481553284	1	38	39	21
Mon Dec 12 15:34:43 2016	1481553283	0	39	39	18
Mon Dec 12 15:34:41 2016	1481553281	0	39	39	32
Mon Dec 12 15:34:40 2016	1481553280	0	39	39	21
Mon Dec 12 15:34:41 2016	1481553281	1	38	39	35
Mon Dec 12 15:34:40 2016	1481553280	0	39	39	39
Mon Dec 12 15:34:45 2016	1481553285	1	39	40	38
Mon Dec 12 15:34:40 2016	1481553280	1	39	40	38
Mon Dec 12 15:34:43 2016	1481553283	1	39	40	30
Mon Dec 12 15:34:42 2016	1481553282	1	39	40	28
Mon Dec 12 15:34:46 2016	1481553286	0	40	40	30
Mon Dec 12 15:34:46 2016	1481553286	0	40	40	30
Mon Dec 12 15:34:44 2016	1481553284	0	40	40	39
Mon Dec 12 15:34:46 2016	1481553286	0	40	40	35
Mon Dec 12 15:34:42 2016	1481553282	0	40	40	33
Mon Dec 12 15:34:45 2016	1481553285	0	40	40	40
Mon Dec 12 15:34:47 2016	1481553287	1	39	40	39
Mon Dec 12 15:34:45 2016	1481553285	0	40	40	33
Mon Dec 12 15:34:41 2016	1481553281	0	40	40	20
Mon Dec 12 15:34:48 2016	1481553288	1	39	40	32
Mon Dec 12 15:34:40 2016	1481553280	0	40	40	40
Mon Dec 12 15:34:47 2016	1481553287	1	39	40	36
Mon Dec 12 15:34:47 2016	1481553287	1	39	40	28
Mon Dec 12 15:34:41 2016	1481553281	0	40	40	40
Mon Dec 12 15:34:44 2016	1481553284	1	39	40	30
Mon Dec 12 15:34:42 2016	1481553282	0	40	40	40
Mon Dec 12 15:34:47 2016	1481553287	0	40	40	40
Mon Dec 12 15:34:43 2016	1481553283	1	39	40	39
Mon Dec 12 15:34:47 2016	1481553287	1	39	40	28
Mon Dec 12 15:34:42 2016	1481553282	0	40	40	37
Mon Dec 12 15:34:44 2016	1481553284	1	39	40	27
Mon Dec 12 15:34:44 2016	1481553284	0	40	40	40
Mon Dec 12 15:34:44 2016	1481553284	0	40	40	30
Mon Dec 12 15:34:48 2016	1481553288	0	41	41	32
Mon Dec 12 15:34:46 2016	1481553286	0	41	41	30
Mon Dec 12 15:34:42 2016	1481553282	1	40	41	25
Mon Dec 12 15:34:47 2016	1481553287	0	41	41	40
Mon Dec 12 15:34:48 2016	1481553288	1	40	41	23
Mon Dec 12 15:34:41 2016	1481553281	0	41	41	40
Mon Dec 12 15:34:45 2016	1481553285	0	41	41	41
Mon Dec 12 15:34:42 2016	1481553282	0	41	41	30
Mon Dec 12 15:34:46 2016	1481553286	0	41	41	21
Mon Dec 12 15:34:48 2016	1481553288	0	41	41	35
Mon Dec 12 15:34:40 2016	1481553280	0	41	41	36
Mon Dec 12 15:34:45 2016	1481553285	1	40	41	39
Mon Dec 12 15:34:43 2016	1481553283	0	41	41	38
Mon Dec 12 15:34:42 2016	1481553282	0	41	41	29
Mon Dec 12 15:34:42 2016	1481553282	0	41	41	41
Mon Dec 12 15:34:46 2016	1481553286	0	41	41	36
Mon Dec 12 15:34:40 2016	1481553280	0	41	41	41
Mon Dec 12 15:34:39 2016	1481553279	1	41	42	38
Mon Dec 12 15:34:41 2016	1481553281	1	41	42	40
Mon Dec 12 15:34:44 2016	1481553284	0	42	42	29
Mon Dec 12 15:34:47 2016	1481553287	0	42	42	42
Mon Dec 12 15:34:40 2016	1481553280	0	42	42	34
Mon Dec 12 15:34:47 2016	1481553287	0	42	42	17
Mon Dec 12 15:34:40 2016	1481553280	1	41	42	37
Mon Dec 12 15:34:46 2016	1481553286	0	42	42	39
Mon Dec 12 15:34:45 2016	1481553285	0	42	42	42
Mon Dec 12 15:34:46 2016	1481553286	1	41	42	41
Mon Dec 12 15:34:46 2016	1481553286	1	41	42	41
Mon Dec 12 15:34:45 2016	1481553285	0	42	42	41
Mon Dec 12 15:34:41 2016	1481553281	1	41	42	32
Mon Dec 12 15:34:41 2016	1481553281	0	42	42	38
Mon Dec 12 15:34:45 2016	1481553285	0	42	42	42
Mon Dec 12 15:34:42 2016	1481553282	0	42	42	41
Mon Dec 12 15:34:47 2016	1481553287	0	42	42	42
Mon Dec 12 15:34:42 2016	1481553282	0	42	42	42
Mon Dec 12 15:34:47 2016	1481553287	1	42	43	24
Mon Dec 12 15:34:41 2016	1481553281	0	43	43	38
Mon Dec 12 15:34:45 2016	1481553285	0	43	43	39
Mon Dec 12 15:34:47 2016	1481553287	0	43	43	39
Mon Dec 12 15:34:46 2016	1481553286	0	43	43	40
Mon Dec 12 15:34:48 2016	1481553288	1	42	43	40
Mon Dec 12 15:34:48 2016	1481553288	0	43	43	41
Mon Dec 12 15:34:41 2016	1481553281	0	43	43	42
Mon Dec 12 15:34:43 2016	1481553283	1	42	43	27
Mon Dec 12 15:34:44 2016	1481553284	1	42	43	29
Mon Dec 12 15:34:48 2016	1481553288	1	42	43	42
Mon Dec 12 15:34:43 2016	1481553283	0	43	43	40
Mon Dec 12 15:34:45 2016	1481553285	0	43	43	31
Mon Dec 12 15:34:44 2016	1481553284	1	42	43	33
Mon Dec 12 15:34:46 2016	1481553286	1	42	43	41
Mon Dec 12 15:34:45 2016	1481553285	0	43	43	31
Mon Dec 12 15:34:40 2016	1481553280	0	44	44	40
Mon Dec 12 15:34:46 2016	1481553286	0	44	44	43
Mon Dec 12 15:34:48 2016	1481553288	0	44	44	38
Mon Dec 12 15:34:40 2016	1481553280	1	43	44	42
Mon Dec 12 15:34:42 2016	1481553282	0	44	44	41
Mon Dec 12 15:34:41 2016	1481553281	1	43	44	42
Mon Dec 12 15:34:43 2016	1481553283	1	43	44	33
Mon Dec 12 15:34:44 2016	1481553284	0	44	44	30
Mon Dec 12 15:34:46 2016	1481553286	1	43	44	43
Mon Dec 12 15:34:41 2016	1481553281	1	43	44	20
Mon Dec 12 15:34:45 2016	1481553285	0	44	44	37
Mon Dec 12 15:34:43 2016	1481553283	0	44	44	44
Mon Dec 12 15:34:48 2016	1481553288	1	43	44	38
Mon Dec 12 15:34:43 2016	1481553283	0	44	44	31
Mon Dec 12 15:34:45 2016	1481553285	0	44	44	39
Mon Dec 12 15:34:41 2016	1481553281	1	43	44	42
Mon Dec 12 15:34:42 2016	1481553282	1	43	44	43
Mon Dec 12 15:34:41 2016	1481553281	0	44	44	39
Mon Dec 12 15:34:44 2016	1481553284	0	45	45	44
Mon Dec 12 15:34:39 2016	1481553279	0	45	45	36
Mon Dec 12 15:34:45 2016	1481553285	0	45	45	45
Mon Dec 12 15:34:41 2016	1481553281	1	44	45	44
Mon Dec 12 15:34:45 2016	1481553285	0	45	45	45
Mon Dec 12 15:34:47 2016	1481553287	1	44	45	44
Mon Dec 12 15:34:42 2016	1481553282	0	45	45	35
Mon Dec 12 15:34:46 2016	1481553286	0	45	45	32
Mon Dec 12 15:34:42 2016	1481553282	0	45	45	38
Mon Dec 12 15:34:44 2016	1481553284	0	45	45	44
Mon Dec 12 15:34:44 2016	1481553284	0	45	45	40
Mon Dec 12 15:34:42 2016	1481553282	1	44	45	38
Mon Dec 12 15:34:42 2016	1481553282	0	45	45	44
Mon Dec 12 15:34:43 2016	1481553283	1	44	45	37
Mon Dec 12 15:34:42 2016	1481553282	0	45	45	42
Mon Dec 12 15:34:41 2016	1481553281	0	45	45	44
Mon Dec 12 15:34:40 2016	1481553280	0	45	45	44
Mon Dec 12 15:34:46 2016	1481553286	0	45	45	45
Mon Dec 12 15:34:42 2016	1481553282	0	45	45	41
Mon Dec 12 15:34:46 2016	1481553286	0	45	45	44
Mon Dec 12 15:34:43 2016	1481553283	0	45	45	39
Mon Dec 12 15:34:44 2016	1481553284	0	46	46	30
Mon Dec 12 15:34:43 2016	1481553283	0	46	46	40
Mon Dec 12 15:34:40 2016	1481553280	0	46	46	41
Mon Dec 12 15:34:45 2016	1481553285	0	46	46	45
Mon Dec 12 15:34:39 2016	1481553279	1	45	46	45
Mon Dec 12 15:34:41 2016	1481553281	0	46	46	46
Mon Dec 12 15:34:46 2016	1481553286	0	46	46	32
Mon Dec 12 15:34:44 2016	1481553284	0	46	46	42
Mon Dec 12 15:34:44 2016	1481553284	1	45	46	45
Mon Dec 12 15:34:46 2016	1481553286	0	46	46	21
Mon Dec 12 15:34:40 2016	1481553280	0	46	46	29
Mon Dec 12 15:34:43 2016	1481553283	1	45	46	45
Mon Dec 12 15:34:41 2016	1481553281	0	46	46	45
Mon Dec 12 15:34:46 2016	1481553286	0	46	46	46
Mon Dec 12 15:34:46 2016	1481553286	0	46	46	46
Mon Dec 12 15:34:41 2016	1481553281	1	45	46	39
Mon Dec 12 15:34:44 2016	1481553284	0	46	46	37
Mon Dec 12 15:34:46 2016	1481553286	0	46	46	42
Mon Dec 12 15:34:42 2016	1481553282	0	46	46	41
Mon Dec 12 15:34:41 2016	1481553281	0	47	47	47
Mon Dec 12 15:34:47 2016	1481553287	0	47	47	47
Mon Dec 12 15:34:43 2016	1481553283	0	47	47	47
Mon Dec 12 15:34:43 2016	1481553283	0	47	47	34
Mon Dec 12 15:34:46 2016	1481553286	0	47	47	47
Mon Dec 12 15:34:45 2016	1481553285	1	46	47	46
Mon Dec 12 15:34:42 2016	1481553282	1	46	47	45
Mon Dec 12 15:34:48 2016	1481553288	0	47	47	37
Mon Dec 12 15:34:42 2016	1481553282	1	46	47	46
Mon Dec 12 15:34:45 2016	1481553285	0	47	47	46
Mon Dec 12 15:34:45 2016	1481553285	0	47	47	38
Mon Dec 12 15:34:48 2016	1481553288	0	47	47	47
Mon Dec 12 15:34:46 2016	1481553286	0	47	47	40
Mon Dec 12 15:34:44 2016	1481553284	0	48	48	43
Mon Dec 12 15:34:41 2016	1481553281	0	48	48	35
Mon Dec 12 15:34:46 2016	1481553286	1	47	48	27
Mon Dec 12 15:34:43 2016	1481553283	0	48	48	48
Mon Dec 12 15:34:45 2016	1481553285	1	47	48	45
Mon Dec 12 15:34:40 2016	1481553280	1	47	48	38
Mon Dec 12 15:34:48 2016	1481553288	0	48	48	42
Mon Dec 12 15:34:41 2016	1481553281	0	48	48	30
Mon Dec 12 15:34:48 2016	1481553288	0	49	49	39
Mon Dec 12 15:34:44 2016	1481553284	0	49	49	44
Mon Dec 12 15:34:41 2016	1481553281	0	49	49	36
Mon Dec 12 15:34:46 2016	1481553286	0	49	49	48
Mon Dec 12 15:34:40 2016	1481553280	1	48	49	36
Mon Dec 12 15:34:44 2016	1481553284	0	49	49	46
Mon Dec 12 15:34:43 2016	1481553283	0	49	49	31
Mon Dec 12 15:34:45 2016	1481553285	1	48	49	47
Mon Dec 12 15:34:43 2016	1481553283	0	49	49	32
Mon Dec 12 15:34:40 2016	1481553280	1	49	50	46
Mon Dec 12 15:34:43 2016	1481553283	0	50	50	45
Mon Dec 12 15:34:44 2016	1481553284	1	49	50	28
Mon Dec 12 15:34:41 2016	1481553281	0	50	50	50
Mon Dec 12 15:34:44 2016	1481553284	0	50	50	40
Mon Dec 12 15:34:42 2016	1481553282	0	50	50	50
Mon Dec 12 15:34:47 2016	1481553287	0	50	50	37
Mon Dec 12 15:34:45 2016	1481553285	0	50	50	40
Mon Dec 12 15:34:48 2016	1481553288	0	50	50	50
Mon Dec 12 15:34:40 2016	1481553280	0	50	50	49
Mon Dec 12 15:34:44 2016	1481553284	0	50	50	49
Mon Dec 12 15:34:46 2016	1481553286	0	51	51	40
Mon Dec 12 15:34:43 2016	1481553283	0	51	51	47
Mon Dec 12 15:34:48 2016	1481553288	0	51	51	35
Mon Dec 12 15:34:43 2016	1481553283	1	50	51	21
Mon Dec 12 15:34:40 2016	1481553280	0	51	51	45
Mon Dec 12 15:34:44 2016	1481553284	0	51	51	50
Mon Dec 12 15:34:48 2016	1481553288	0	51	51	51
Mon Dec 12 15:34:45 2016	1481553285	1	50	51	37
Mon Dec 12 15:34:46 2016	1481553286	0	51	51	31
Mon Dec 12 15:34:44 2016	1481553284	0	51	51	44
Mon Dec 12 15:34:47 2016	1481553287	1	50	51	49
Mon Dec 12 15:34:40 2016	1481553280	0	51	51	51
Mon Dec 12 15:34:48 2016	1481553288	0	51	51	35
Mon Dec 12 15:34:44 2016	1481553284	0	51	51	51
Mon Dec 12 15:34:40 2016	1481553280	1	51	52	50
Mon Dec 12 15:34:44 2016	1481553284	0	52	52	38
Mon Dec 12 15:34:42 2016	1481553282	0	52	52	45
Mon Dec 12 15:34:41 2016	1481553281	0	52	52	51
Mon Dec 12 15:34:47 2016	1481553287	0	52	52	40
Mon Dec 12 15:34:48 2016	1481553288	1	51	52	51
Mon Dec 12 15:34:41 2016	1481553281	0	53	53	53
Mon Dec 12 15:34:41 2016	1481553281	1	52	53	52
Mon Dec 12 15:34:40 2016	1481553280	0	53	53	50
Mon Dec 12 15:34:44 2016	1481553284	1	52	53	48
Mon Dec 12 15:34:40 2016	1481553280	0	53	53	46
Mon Dec 12 15:34:48 2016	1481553288	0	53	53	53
Mon Dec 12 15:34:42 2016	1481553282	1	52	53	47
Mon Dec 12 15:34:44 2016	1481553284	1	52	53	52
Mon Dec 12 15:34:46 2016	1481553286	1	52	53	52
Mon Dec 12 15:34:41 2016	1481553281	1	52	53	52
Mon Dec 12 15:34:42 2016	1481553282	1	52	53	52
Mon Dec 12 15:34:40 2016	1481553280	0	53	53	53
Mon Dec 12 15:34:45 2016	1481553285	0	53	53	53
Mon Dec 12 15:34:40 2016	1481553280	1	52	53	44
Mon Dec 12 15:34:42 2016	1481553282	0	53	53	44
Mon Dec 12 15:34:40 2016	1481553280	1	53	54	38
Mon Dec 12 15:34:45 2016	1481553285	1	53	54	46
Mon Dec 12 15:34:43 2016	1481553283	0	54	54	44
Mon Dec 12 15:34:48 2016	1481553288	0	54	54	53
Mon Dec 12 15:34:41 2016	1481553281	0	54	54	51
Mon Dec 12 15:34:45 2016	1481553285	0	54	54	54
Mon Dec 12 15:34:48 2016	1481553288	0	54	54	51
Mon Dec 12 15:34:45 2016	1481553285	0	54	54	43
Mon Dec 12 15:34:44 2016	1481553284	0	54	54	54
Mon Dec 12 15:34:44 2016	1481553284	1	53	54	27
Mon Dec 12 15:34:44 2016	1481553284	0	54	54	28
Mon Dec 12 15:34:44 2016	1481553284	0	54	54	35
Mon Dec 12 15:34:46 2016	1481553286	0	54	54	42
Mon Dec 12 15:34:44 2016	1481553284	1	54	55	44
Mon Dec 12 15:34:41 2016	1481553281	0	55	55	27
Mon Dec 12 15:34:47 2016	1481553287	0	55	55	44
Mon Dec 12 15:34:47 2016	1481553287	0	55	55	47
Mon Dec 12 15:34:41 2016	1481553281	0	55	55	54
Mon Dec 12 15:34:48 2016	1481553288	1	54	55	53
Mon Dec 12 15:34:44 2016	1481553284	0	55	55	38
Mon Dec 12 15:34:40 2016	1481553280	0	55	55	55
Mon Dec 12 15:34:46 2016	1481553286	1	54	55	24
Mon Dec 12 15:34:41 2016	1481553281	0	55	55	47
Mon Dec 12 15:34:44 2016	1481553284	0	55	55	41
Mon Dec 12 15:34:43 2016	1481553283	0	56	56	53
Mon Dec 12 15:34:40 2016	1481553280	0	56	56	47
Mon Dec 12 15:34:46 2016	1481553286	0	56	56	55
Mon Dec 12 15:34:43 2016	1481553283	0	56	56	56
Mon Dec 12 15:34:44 2016	1481553284	0	57	57	49
Mon Dec 12 15:34:48 2016	1481553288	0	57	57	36
Mon Dec 12 15:34:43 2016	1481553283	0	57	57	49
Mon Dec 12 15:34:41 2016	1481553281	1	56	57	56
Mon Dec 12 15:34:45 2016	1481553285	1	57	58	57
Mon Dec 12 15:34:45 2016	1481553285	0	58	58	16
Mon Dec 12 15:34:40 2016	1481553280	1	57	58	52
Mon Dec 12 15:34:40 2016	1481553280	1	57	58	42
Mon Dec 12 15:34:46 2016	1481553286	0	58	58	57
Mon Dec 12 15:34:45 2016	1481553285	0	58	58	53
Mon Dec 12 15:34:41 2016	1481553281	0	58	58	34
Mon Dec 12 15:34:46 2016	1481553286	0	59	59	58
Mon Dec 12 15:34:44 2016	1481553284	0	59	59	52
Mon Dec 12 15:34:46 2016	1481553286	1	58	59	57
Mon Dec 12 15:34:46 2016	1481553286	0	59	59	58
Mon Dec 12 15:34:42 2016	1481553282	0	59	59	59
Mon Dec 12 15:34:40 2016	1481553280	0	59	59	58
Mon Dec 12 15:34:47 2016	1481553287	0	59	59	58
Mon Dec 12 15:34:40 2016	1481553280	0	59	59	59
Mon Dec 12 15:34:45 2016	1481553285	0	59	59	59
Mon Dec 12 15:34:42 2016	1481553282	0	59	59	58
Mon Dec 12 15:34:45 2016	1481553285	1	59	60	30
Mon Dec 12 15:34:44 2016	1481553284	0	60	60	48
Mon Dec 12 15:34:45 2016	1481553285	0	60	60	59
Mon Dec 12 15:34:43 2016	1481553283	0	60	60	52
Mon Dec 12 15:34:43 2016	1481553283	0	60	60	60
Mon Dec 12 15:34:40 2016	1481553280	1	60	61	53
Mon Dec 12 15:34:46 2016	1481553286	0	61	61	52
Mon Dec 12 15:34:44 2016	1481553284	0	61	61	47
Mon Dec 12 15:34:40 2016	1481553280	0	61	61	61
Mon Dec 12 15:34:46 2016	1481553286	1	60	61	46
Mon Dec 12 15:34:46 2016	1481553286	1	60	61	60
Mon Dec 12 15:34:39 2016	1481553279	0	62	62	62
Mon Dec 12 15:34:43 2016	1481553283	0	62	62	49
Mon Dec 12 15:34:41 2016	1481553281	0	62	62	62
Mon Dec 12 15:34:42 2016	1481553282	1	61	62	45
Mon Dec 12 15:34:48 2016	1481553288	0	62	62	54
Mon Dec 12 15:34:40 2016	1481553280	1	61	62	56
Mon Dec 12 15:34:39 2016	1481553279	0	62	62	61
Mon Dec 12 15:34:41 2016	1481553281	1	61	62	61
Mon Dec 12 15:34:46 2016	1481553286	0	62	62	61
Mon Dec 12 15:34:42 2016	1481553282	0	63	63	53
Mon Dec 12 15:34:47 2016	1481553287	0	63	63	43
Mon Dec 12 15:34:44 2016	1481553284	0	63	63	50
Mon Dec 12 15:34:43 2016	1481553283	1	62	63	62
Mon Dec 12 15:34:43 2016	1481553283	0	63	63	43
Mon Dec 12 15:34:42 2016	1481553282	1	62	63	52
Mon Dec 12 15:34:42 2016	1481553282	0	63	63	55
Mon Dec 12 15:34:47 2016	1481553287	1	62	63	62
Mon Dec 12 15:34:40 2016	1481553280	0	63	63	62
Mon Dec 12 15:34:40 2016	1481553280	1	62	63	39
Mon Dec 12 15:34:47 2016	1481553287	0	63	63	47
Mon Dec 12 15:34:47 2016	1481553287	1	63	63	60
Mon Dec 12 15:34:41 2016	1481553281	1	63	63	63
Mon Dec 12 15:34:48 2016	1481553288	0	63	63	63
Mon Dec 12 15:34:47 2016	1481553287	0	63	63	59
Mon Dec 12 15:34:41 2016	1481553281	0	63	63	57
Mon Dec 12 15:34:41 2016	1481553281	1	63	63	48
Mon Dec 12 15:34:46 2016	1481553286	1	63	63	61
Mon Dec 12 15:34:44 2016	1481553284	0	64	64	64
Mon Dec 12 15:34:42 2016	1481553282	1	63	64	60
Mon Dec 12 15:34:41 2016	1481553281	1	63	64	63
Mon Dec 12 15:34:45 2016	1481553285	0	64	64	39
Mon Dec 12 15:34:45 2016	1481553285	0	65	65	65
Mon Dec 12 15:34:43 2016	1481553283	2	64	66	51
Mon Dec 12 15:34:43 2016	1481553283	0	66	66	59
Mon Dec 12 15:34:44 2016	1481553284	1	66	67	66
Mon Dec 12 15:34:48 2016	1481553288	0	67	67	57
Mon Dec 12 15:34:48 2016	1481553288	0	67	67	67
Mon Dec 12 15:34:42 2016	1481553282	1	66	67	59
Mon Dec 12 15:34:48 2016	1481553288	0	67	67	66
Mon Dec 12 15:34:41 2016	1481553281	0	67	67	36
Mon Dec 12 15:34:42 2016	1481553282	1	66	67	64
Mon Dec 12 15:34:46 2016	1481553286	1	66	67	52
Mon Dec 12 15:34:48 2016	1481553288	1	66	67	66
Mon Dec 12 15:34:42 2016	1481553282	0	68	68	68
Mon Dec 12 15:34:40 2016	1481553280	0	68	68	57
Mon Dec 12 15:34:47 2016	1481553287	1	67	68	67
Mon Dec 12 15:34:46 2016	1481553286	1	68	69	37
Mon Dec 12 15:34:43 2016	1481553283	0	69	69	57
Mon Dec 12 15:34:47 2016	1481553287	1	68	69	59
Mon Dec 12 15:34:40 2016	1481553280	0	70	70	70
Mon Dec 12 15:34:42 2016	1481553282	0	70	70	59
Mon Dec 12 15:34:41 2016	1481553281	1	69	70	69
Mon Dec 12 15:34:48 2016	1481553288	1	69	70	63
Mon Dec 12 15:34:47 2016	1481553287	0	70	70	34
Mon Dec 12 15:34:40 2016	1481553280	0	70	70	63
Mon Dec 12 15:34:47 2016	1481553287	0	71	71	65
Mon Dec 12 15:34:42 2016	1481553282	1	70	71	52
Mon Dec 12 15:34:44 2016	1481553284	0	72	72	57
Mon Dec 12 15:34:48 2016	1481553288	0	72	72	65
Mon Dec 12 15:34:47 2016	1481553287	0	72	72	36
Mon Dec 12 15:34:41 2016	1481553281	0	72	72	67
Mon Dec 12 15:34:43 2016	1481553283	1	72	73	56
Mon Dec 12 15:34:42 2016	1481553282	1	72	73	72
Mon Dec 12 15:34:40 2016	1481553280	0	73	73	63
Mon Dec 12 15:34:42 2016	1481553282	1	72	73	41
Mon Dec 12 15:34:40 2016	1481553280	1	72	73	65
Mon Dec 12 15:34:42 2016	1481553282	1	72	73	52
Mon Dec 12 15:34:48 2016	1481553288	1	73	74	72
Mon Dec 12 15:34:44 2016	1481553284	0	74	74	56
Mon Dec 12 15:34:43 2016	1481553283	0	74	74	46
Mon Dec 12 15:34:41 2016	1481553281	0	74	74	72
Mon Dec 12 15:34:46 2016	1481553286	0	75	75	67
Mon Dec 12 15:34:43 2016	1481553283	0	75	75	69
Mon Dec 12 15:34:42 2016	1481553282	0	75	75	75
Mon Dec 12 15:34:45 2016	1481553285	0	77	77	77
Mon Dec 12 15:34:46 2016	1481553286	0	77	77	69
Mon Dec 12 15:34:40 2016	1481553280	0	77	77	77
Mon Dec 12 15:34:42 2016	1481553282	0	78	78	68
Mon Dec 12 15:34:40 2016	1481553280	0	78	78	64
Mon Dec 12 15:34:41 2016	1481553281	0	78	78	65
Mon Dec 12 15:34:42 2016	1481553282	1	78	79	46
Mon Dec 12 15:34:42 2016	1481553282	0	79	79	73
Mon Dec 12 15:34:43 2016	1481553283	0	79	79	51
Mon Dec 12 15:34:47 2016	1481553287	0	79	79	59
Mon Dec 12 15:34:43 2016	1481553283	0	80	80	72
Mon Dec 12 15:34:42 2016	1481553282	0	80	80	71
Mon Dec 12 15:34:48 2016	1481553288	0	80	80	68
Mon Dec 12 15:34:45 2016	1481553285	0	80	80	72
Mon Dec 12 15:34:44 2016	1481553284	0	81	81	63
Mon Dec 12 15:34:42 2016	1481553282	0	82	82	82
Mon Dec 12 15:34:43 2016	1481553283	0	82	82	66
Mon Dec 12 15:34:40 2016	1481553280	0	82	82	64
Mon Dec 12 15:34:42 2016	1481553282	0	83	83	61
Mon Dec 12 15:34:41 2016	1481553281	1	82	83	68
Mon Dec 12 15:34:40 2016	1481553280	1	83	84	66
Mon Dec 12 15:34:43 2016	1481553283	0	84	84	84
Mon Dec 12 15:34:44 2016	1481553284	0	84	84	84
Mon Dec 12 15:34:43 2016	1481553283	1	84	85	61
Mon Dec 12 15:34:45 2016	1481553285	0	86	86	81
Mon Dec 12 15:34:40 2016	1481553280	0	86	86	62
Mon Dec 12 15:34:44 2016	1481553284	1	86	87	81
Mon Dec 12 15:34:42 2016	1481553282	0	87	87	41
Mon Dec 12 15:34:46 2016	1481553286	0	87	87	63
Mon Dec 12 15:34:45 2016	1481553285	0	88	88	78
Mon Dec 12 15:34:43 2016	1481553283	0	89	89	79
Mon Dec 12 15:34:47 2016	1481553287	0	89	89	36
Mon Dec 12 15:34:48 2016	1481553288	1	89	90	88
Mon Dec 12 15:34:45 2016	1481553285	0	90	90	73
Mon Dec 12 15:34:40 2016	1481553280	0	90	90	89
Mon Dec 12 15:34:41 2016	1481553281	0	90	90	55
Mon Dec 12 15:34:45 2016	1481553285	1	89	90	63
Mon Dec 12 15:34:48 2016	1481553288	0	92	92	87
Mon Dec 12 15:34:41 2016	1481553281	0	93	93	93
Mon Dec 12 15:34:43 2016	1481553283	0	93	93	91
Mon Dec 12 15:34:45 2016	1481553285	0	93	93	83
Mon Dec 12 15:34:47 2016	1481553287	1	93	94	92
Mon Dec 12 15:34:44 2016	1481553284	0	94	94	91
Mon Dec 12 15:34:47 2016	1481553287	1	94	95	93
Mon Dec 12 15:34:46 2016	1481553286	0	95	95	92
Mon Dec 12 15:34:43 2016	1481553283	0	95	95	88
Mon Dec 12 15:34:45 2016	1481553285	0	96	96	93
Mon Dec 12 15:34:40 2016	1481553280	0	96	96	70
Mon Dec 12 15:34:43 2016	1481553283	0	96	96	76
Mon Dec 12 15:34:44 2016	1481553284	1	95	96	61
Mon Dec 12 15:34:43 2016	1481553283	1	96	97	51
Mon Dec 12 15:34:40 2016	1481553280	1	96	97	61
Mon Dec 12 15:34:42 2016	1481553282	0	98	98	56
Mon Dec 12 15:34:44 2016	1481553284	1	101	102	101
Mon Dec 12 15:34:47 2016	1481553287	0	106	106	104
Mon Dec 12 15:34:41 2016	1481553281	0	108	108	107
Mon Dec 12 15:34:43 2016	1481553283	0	109	109	86
Mon Dec 12 15:34:44 2016	1481553284	1	108	109	95
Mon Dec 12 15:34:47 2016	1481553287	0	110	110	84
Mon Dec 12 15:34:40 2016	1481553280	0	111	111	106
Mon Dec 12 15:34:41 2016	1481553281	1	112	113	63
Mon Dec 12 15:34:45 2016	1481553285	0	114	114	110
Mon Dec 12 15:34:40 2016	1481553280	0	115	115	104
Mon Dec 12 15:34:41 2016	1481553281	1	114	115	101
Mon Dec 12 15:34:47 2016	1481553287	1	114	115	64
Mon Dec 12 15:34:46 2016	1481553286	0	117	117	117
Mon Dec 12 15:34:48 2016	1481553288	1	118	119	93
Mon Dec 12 15:34:40 2016	1481553280	0	120	120	97
Mon Dec 12 15:34:42 2016	1481553282	0	120	120	110
Mon Dec 12 15:34:47 2016	1481553287	1	121	122	117
Mon Dec 12 15:34:42 2016	1481553282	0	125	125	125
Mon Dec 12 15:34:48 2016	1481553288	1	126	127	126
Mon Dec 12 15:34:42 2016	1481553282	0	128	128	96
Mon Dec 12 15:34:44 2016	1481553284	0	131	131	130
Mon Dec 12 15:34:48 2016	1481553288	0	138	138	102
Mon Dec 12 15:34:43 2016	1481553283	0	141	141	88
Mon Dec 12 15:34:43 2016	1481553283	0	145	145	101
Mon Dec 12 15:34:46 2016	1481553286	0	146	146	143
Mon Dec 12 15:34:46 2016	1481553286	0	149	149	140
Mon Dec 12 15:34:42 2016	1481553282	1	149	150	137
Mon Dec 12 15:34:46 2016	1481553286	1	151	152	134
Mon Dec 12 15:34:46 2016	1481553286	1	161	162	137
Mon Dec 12 15:34:44 2016	1481553284	1	163	164	163
Mon Dec 12 15:34:41 2016	1481553281	0	183	183	147
Mon Dec 12 15:34:42 2016	1481553282	0	184	184	137
Mon Dec 12 15:34:40 2016	1481553280	1	188	188	107
Mon Dec 12 15:34:45 2016	1481553285	1	199	200	199
Mon Dec 12 15:34:39 2016	1481553279	0	243	243	243
Mon Dec 12 15:34:39 2016	1481553279	0	244	244	243
Mon Dec 12 15:34:39 2016	1481553279	0	244	244	242
Mon Dec 12 15:34:39 2016	1481553279	1	244	245	243
Mon Dec 12 15:34:39 2016	1481553279	1	244	245	244
Mon Dec 12 15:34:45 2016	1481553285	0	294	294	288
Mon Dec 12 15:34:47 2016	1481553287	1	334	335	262
